{"display":"MIRAI.065032.001","product":"mirai","device":"mirai","board":"mirai","model":"mirai","finger_print":"mamoe/mirai/mirai:10/MIRAI.200122.001/0332294:user/release-keys","boot_id":"4fe05608-2c29-4f38-8c98-f578961d9862","proc_version":"Linux version 3.0.31-EBoCwXhv (android-build@xxx.xxx.xxx.xxx.com)","protocol":0,"imei":"046869889266756","brand":"mamoe","bootloader":"unknown","base_band":"","version":{"incremental":"5891938","release":"10","codename":"REL","sdk":29},"sim_info":"T-Mobile","os_type":"android","mac_address":"00:50:56:C0:00:08","ip_address":[10,0,1,3],"wifi_bssid":"00:50:56:C0:00:08","wifi_ssid":"\u003cunknown ssid\u003e","imsi_md5":"433626c528fc148785b6d4ca406afb1c","android_id":"26d3f69e6e97226a","apn":"wifi","vendor_name":"MIUI","vendor_os_name":"mirai"}